﻿<?xml version="1.0" encoding="utf-8"?>
<helpItems schema="maml" xmlns="http://msh">
  <command:command xmlns:maml="http://schemas.microsoft.com/maml/2004/10" xmlns:command="http://schemas.microsoft.com/maml/dev/command/2004/10" xmlns:dev="http://schemas.microsoft.com/maml/dev/2004/10" xmlns:MSHelp="http://msdn.microsoft.com/mshelp">
    <command:details>
      <command:name>ConvertTo-SimpleProperty</command:name>
      <command:verb>ConvertTo</command:verb>
      <command:noun>SimpleProperty</command:noun>
      <maml:description>
        <maml:para>{{ Fill in the Synopsis }}</maml:para>
      </maml:description>
    </command:details>
    <maml:description>
      <maml:para>{{ Fill in the Description }}</maml:para>
    </maml:description>
    <command:syntax>
      <command:syntaxItem>
        <maml:name>ConvertTo-SimpleProperty</maml:name>
        <command:parameter required="false" variableLength="true" globbing="false" pipelineInput="False" position="0" aliases="none">
          <maml:name>InputObject</maml:name>
          <maml:description>
            <maml:para>{{ Fill InputObject Description }}</maml:para>
          </maml:description>
          <command:parameterValue required="true" variableLength="false">System.Object</command:parameterValue>
          <dev:type>
            <maml:name>System.Object</maml:name>
            <maml:uri />
          </dev:type>
          <dev:defaultValue>None</dev:defaultValue>
        </command:parameter>
        <command:parameter required="false" variableLength="true" globbing="false" pipelineInput="False" position="1" aliases="none">
          <maml:name>Property</maml:name>
          <maml:description>
            <maml:para>{{ Fill Property Description }}</maml:para>
          </maml:description>
          <command:parameterValue required="true" variableLength="false">System.String</command:parameterValue>
          <dev:type>
            <maml:name>System.String</maml:name>
            <maml:uri />
          </dev:type>
          <dev:defaultValue>None</dev:defaultValue>
        </command:parameter>
        <command:parameter required="false" variableLength="true" globbing="false" pipelineInput="False" position="2" aliases="none">
          <maml:name>PropertyDictionary</maml:name>
          <maml:description>
            <maml:para>{{ Fill PropertyDictionary Description }}</maml:para>
          </maml:description>
          <command:parameterValue required="true" variableLength="false">System.Collections.Hashtable</command:parameterValue>
          <dev:type>
            <maml:name>System.Collections.Hashtable</maml:name>
            <maml:uri />
          </dev:type>
          <dev:defaultValue>None</dev:defaultValue>
        </command:parameter>
        <command:parameter required="false" variableLength="true" globbing="false" pipelineInput="False" position="3" aliases="none">
          <maml:name>Prefix</maml:name>
          <maml:description>
            <maml:para>{{ Fill Prefix Description }}</maml:para>
          </maml:description>
          <command:parameterValue required="true" variableLength="false">System.String</command:parameterValue>
          <dev:type>
            <maml:name>System.String</maml:name>
            <maml:uri />
          </dev:type>
          <dev:defaultValue>None</dev:defaultValue>
        </command:parameter>
      </command:syntaxItem>
    </command:syntax>
    <command:parameters>
      <command:parameter required="false" variableLength="true" globbing="false" pipelineInput="False" position="0" aliases="none">
        <maml:name>InputObject</maml:name>
        <maml:description>
          <maml:para>{{ Fill InputObject Description }}</maml:para>
        </maml:description>
        <command:parameterValue required="true" variableLength="false">System.Object</command:parameterValue>
        <dev:type>
          <maml:name>System.Object</maml:name>
          <maml:uri />
        </dev:type>
        <dev:defaultValue>None</dev:defaultValue>
      </command:parameter>
      <command:parameter required="false" variableLength="true" globbing="false" pipelineInput="False" position="3" aliases="none">
        <maml:name>Prefix</maml:name>
        <maml:description>
          <maml:para>{{ Fill Prefix Description }}</maml:para>
        </maml:description>
        <command:parameterValue required="true" variableLength="false">System.String</command:parameterValue>
        <dev:type>
          <maml:name>System.String</maml:name>
          <maml:uri />
        </dev:type>
        <dev:defaultValue>None</dev:defaultValue>
      </command:parameter>
      <command:parameter required="false" variableLength="true" globbing="false" pipelineInput="False" position="1" aliases="none">
        <maml:name>Property</maml:name>
        <maml:description>
          <maml:para>{{ Fill Property Description }}</maml:para>
        </maml:description>
        <command:parameterValue required="true" variableLength="false">System.String</command:parameterValue>
        <dev:type>
          <maml:name>System.String</maml:name>
          <maml:uri />
        </dev:type>
        <dev:defaultValue>None</dev:defaultValue>
      </command:parameter>
      <command:parameter required="false" variableLength="true" globbing="false" pipelineInput="False" position="2" aliases="none">
        <maml:name>PropertyDictionary</maml:name>
        <maml:description>
          <maml:para>{{ Fill PropertyDictionary Description }}</maml:para>
        </maml:description>
        <command:parameterValue required="true" variableLength="false">System.Collections.Hashtable</command:parameterValue>
        <dev:type>
          <maml:name>System.Collections.Hashtable</maml:name>
          <maml:uri />
        </dev:type>
        <dev:defaultValue>None</dev:defaultValue>
      </command:parameter>
    </command:parameters>
    <command:inputTypes>
      <command:inputType>
        <dev:type>
          <maml:name>None</maml:name>
        </dev:type>
        <maml:description>
          <maml:para></maml:para>
        </maml:description>
      </command:inputType>
    </command:inputTypes>
    <command:returnValues>
      <command:returnValue>
        <dev:type>
          <maml:name>System.Object</maml:name>
        </dev:type>
        <maml:description>
          <maml:para></maml:para>
        </maml:description>
      </command:returnValue>
    </command:returnValues>
    <maml:alertSet>
      <maml:alert>
        <maml:para></maml:para>
      </maml:alert>
    </maml:alertSet>
    <command:examples>
      <command:example>
        <maml:title>-------------------------- Example 1 --------------------------</maml:title>
        <dev:code>PS C:\&gt; {{ Add example code here }}</dev:code>
        <dev:remarks>
          <maml:para>{{ Add example description here }}</maml:para>
        </dev:remarks>
      </command:example>
    </command:examples>
    <command:relatedLinks />
  </command:command>
  <command:command xmlns:maml="http://schemas.microsoft.com/maml/2004/10" xmlns:command="http://schemas.microsoft.com/maml/dev/command/2004/10" xmlns:dev="http://schemas.microsoft.com/maml/dev/2004/10" xmlns:MSHelp="http://msdn.microsoft.com/mshelp">
    <command:details>
      <command:name>Expand-AccountPermission</command:name>
      <command:verb>Expand</command:verb>
      <command:noun>AccountPermission</command:noun>
      <maml:description>
        <maml:para>Expand an object representing a security principal and into a collection of objects respresenting the access control entries for that principal</maml:para>
      </maml:description>
    </command:details>
    <maml:description>
      <maml:para>Expand an object from Format-SecurityPrincipal (one object per principal, containing nested access entries) into flat objects (one per access entry per account)</maml:para>
    </maml:description>
    <command:syntax>
      <command:syntaxItem>
        <maml:name>Expand-AccountPermission</maml:name>
        <command:parameter required="false" variableLength="true" globbing="false" pipelineInput="False" position="1" aliases="none">
          <maml:name>AccountPermission</maml:name>
          <maml:description>
            <maml:para>Object that was output from Format-SecurityPrincipal</maml:para>
          </maml:description>
          <command:parameterValue required="true" variableLength="false">System.Object</command:parameterValue>
          <dev:type>
            <maml:name>System.Object</maml:name>
            <maml:uri />
          </dev:type>
          <dev:defaultValue>None</dev:defaultValue>
        </command:parameter>
        <command:parameter required="false" variableLength="true" globbing="false" pipelineInput="False" position="2" aliases="none">
          <maml:name>PropertiesToExclude</maml:name>
          <maml:description>
            <maml:para>Properties to exclude from the output because they cause problems or are unnecessary/redundant/undesirable All properties listed on a single line to workaround a bug in PlatyPS when building MAML help (error is 'Invalid yaml: expected simple key-value pairs') Caused by multi-line default parameter values in the markdown</maml:para>
          </maml:description>
          <command:parameterValue required="true" variableLength="false">System.String[]</command:parameterValue>
          <dev:type>
            <maml:name>System.String[]</maml:name>
            <maml:uri />
          </dev:type>
          <dev:defaultValue>@('NativeObject', 'NtfsAccessControlEntries', 'Group')</dev:defaultValue>
        </command:parameter>
      </command:syntaxItem>
    </command:syntax>
    <command:parameters>
      <command:parameter required="false" variableLength="true" globbing="false" pipelineInput="False" position="1" aliases="none">
        <maml:name>AccountPermission</maml:name>
        <maml:description>
          <maml:para>Object that was output from Format-SecurityPrincipal</maml:para>
        </maml:description>
        <command:parameterValue required="true" variableLength="false">System.Object</command:parameterValue>
        <dev:type>
          <maml:name>System.Object</maml:name>
          <maml:uri />
        </dev:type>
        <dev:defaultValue>None</dev:defaultValue>
      </command:parameter>
      <command:parameter required="false" variableLength="true" globbing="false" pipelineInput="False" position="2" aliases="none">
        <maml:name>PropertiesToExclude</maml:name>
        <maml:description>
          <maml:para>Properties to exclude from the output because they cause problems or are unnecessary/redundant/undesirable All properties listed on a single line to workaround a bug in PlatyPS when building MAML help (error is 'Invalid yaml: expected simple key-value pairs') Caused by multi-line default parameter values in the markdown</maml:para>
        </maml:description>
        <command:parameterValue required="true" variableLength="false">System.String[]</command:parameterValue>
        <dev:type>
          <maml:name>System.String[]</maml:name>
          <maml:uri />
        </dev:type>
        <dev:defaultValue>@('NativeObject', 'NtfsAccessControlEntries', 'Group')</dev:defaultValue>
      </command:parameter>
    </command:parameters>
    <command:inputTypes>
      <command:inputType>
        <dev:type>
          <maml:name>[pscustomobject]$AccountPermission</maml:name>
        </dev:type>
        <maml:description>
          <maml:para></maml:para>
        </maml:description>
      </command:inputType>
    </command:inputTypes>
    <command:returnValues>
      <command:returnValue>
        <dev:type>
          <maml:name>[pscustomobject] One object per access control entry per account</maml:name>
        </dev:type>
        <maml:description>
          <maml:para></maml:para>
        </maml:description>
      </command:returnValue>
    </command:returnValues>
    <maml:alertSet>
      <maml:alert>
        <maml:para></maml:para>
      </maml:alert>
    </maml:alertSet>
    <command:examples>
      <command:example>
        <maml:title>-------------------------- EXAMPLE 1 --------------------------</maml:title>
        <dev:code>(Get-Acl).Access |
Group-Object -Property IdentityReference |
Expand-IdentityReference |
Format-SecurityPrincipal |
Expand-AccountPermission</dev:code>
        <dev:remarks>
          <maml:para>Incomplete example but it shows the chain of functions to generate the expected input for this</maml:para>
        </dev:remarks>
      </command:example>
    </command:examples>
    <command:relatedLinks />
  </command:command>
  <command:command xmlns:maml="http://schemas.microsoft.com/maml/2004/10" xmlns:command="http://schemas.microsoft.com/maml/dev/command/2004/10" xmlns:dev="http://schemas.microsoft.com/maml/dev/2004/10" xmlns:MSHelp="http://msdn.microsoft.com/mshelp">
    <command:details>
      <command:name>Expand-Acl</command:name>
      <command:verb>Expand</command:verb>
      <command:noun>Acl</command:noun>
      <maml:description>
        <maml:para>Expand an Access Control List into its constituent Access Control Entries</maml:para>
      </maml:description>
    </command:details>
    <maml:description>
      <maml:para>Enumerate the members of the Access property of the $InputObject parameter (which is an AuthorizationRuleCollection or similar) Append the original ACL to each member as a SourceAccessList property Then return each member</maml:para>
    </maml:description>
    <command:syntax>
      <command:syntaxItem>
        <maml:name>Expand-Acl</maml:name>
        <command:parameter required="false" variableLength="true" globbing="false" pipelineInput="True (ByValue)" position="1" aliases="none">
          <maml:name>InputObject</maml:name>
          <maml:description>
            <maml:para>Access Control List whose Access Control Entries to return Expects [System.Security.AccessControl.FileSecurity] objects from Get-Acl or otherwise Expects [System.Security.AccessControl.DirectorySecurity] objects from Get-Acl or otherwise Accepts any [PSObject] as long as it has an 'Access' property that contains a collection</maml:para>
          </maml:description>
          <command:parameterValue required="true" variableLength="false">System.Management.Automation.PSObject</command:parameterValue>
          <dev:type>
            <maml:name>System.Management.Automation.PSObject</maml:name>
            <maml:uri />
          </dev:type>
          <dev:defaultValue>None</dev:defaultValue>
        </command:parameter>
        <command:parameter required="false" variableLength="true" globbing="false" pipelineInput="False" position="named" aliases="proga">
          <maml:name>ProgressAction</maml:name>
          <maml:description>
            <maml:para>{{ Fill ProgressAction Description }}</maml:para>
          </maml:description>
          <command:parameterValue required="true" variableLength="false">System.Management.Automation.ActionPreference</command:parameterValue>
          <dev:type>
            <maml:name>System.Management.Automation.ActionPreference</maml:name>
            <maml:uri />
          </dev:type>
          <dev:defaultValue>None</dev:defaultValue>
        </command:parameter>
      </command:syntaxItem>
    </command:syntax>
    <command:parameters>
      <command:parameter required="false" variableLength="true" globbing="false" pipelineInput="True (ByValue)" position="1" aliases="none">
        <maml:name>InputObject</maml:name>
        <maml:description>
          <maml:para>Access Control List whose Access Control Entries to return Expects [System.Security.AccessControl.FileSecurity] objects from Get-Acl or otherwise Expects [System.Security.AccessControl.DirectorySecurity] objects from Get-Acl or otherwise Accepts any [PSObject] as long as it has an 'Access' property that contains a collection</maml:para>
        </maml:description>
        <command:parameterValue required="true" variableLength="false">System.Management.Automation.PSObject</command:parameterValue>
        <dev:type>
          <maml:name>System.Management.Automation.PSObject</maml:name>
          <maml:uri />
        </dev:type>
        <dev:defaultValue>None</dev:defaultValue>
      </command:parameter>
      <command:parameter required="false" variableLength="true" globbing="false" pipelineInput="False" position="named" aliases="proga">
        <maml:name>ProgressAction</maml:name>
        <maml:description>
          <maml:para>{{ Fill ProgressAction Description }}</maml:para>
        </maml:description>
        <command:parameterValue required="true" variableLength="false">System.Management.Automation.ActionPreference</command:parameterValue>
        <dev:type>
          <maml:name>System.Management.Automation.ActionPreference</maml:name>
          <maml:uri />
        </dev:type>
        <dev:defaultValue>None</dev:defaultValue>
      </command:parameter>
    </command:parameters>
    <command:inputTypes>
      <command:inputType>
        <dev:type>
          <maml:name>[PSObject]$InputObject</maml:name>
        </dev:type>
        <maml:description>
          <maml:para></maml:para>
        </maml:description>
      </command:inputType>
      <command:inputType>
        <dev:type>
          <maml:name>Expected:</maml:name>
        </dev:type>
        <maml:description>
          <maml:para></maml:para>
        </maml:description>
      </command:inputType>
      <command:inputType>
        <dev:type>
          <maml:name>[System.Security.AccessControl.DirectorySecurity]$InputObject from Get-Acl</maml:name>
        </dev:type>
        <maml:description>
          <maml:para></maml:para>
        </maml:description>
      </command:inputType>
      <command:inputType>
        <dev:type>
          <maml:name>or</maml:name>
        </dev:type>
        <maml:description>
          <maml:para></maml:para>
        </maml:description>
      </command:inputType>
      <command:inputType>
        <dev:type>
          <maml:name>[System.Security.AccessControl.FileSecurity]$InputObject from Get-Acl</maml:name>
        </dev:type>
        <maml:description>
          <maml:para></maml:para>
        </maml:description>
      </command:inputType>
    </command:inputTypes>
    <command:returnValues>
      <command:returnValue>
        <dev:type>
          <maml:name>[PSCustomObject]</maml:name>
        </dev:type>
        <maml:description>
          <maml:para></maml:para>
        </maml:description>
      </command:returnValue>
    </command:returnValues>
    <maml:alertSet>
      <maml:alert>
        <maml:para></maml:para>
      </maml:alert>
    </maml:alertSet>
    <command:examples>
      <command:example>
        <maml:title>-------------------------- EXAMPLE 1 --------------------------</maml:title>
        <dev:code>Get-Acl |
Expand-Acl</dev:code>
        <dev:remarks>
          <maml:para>Use Get-Acl from the Microsoft.PowerShell.Security module as the source of the access list This works in either Windows Powershell or in Powershell Get-Acl does not support long paths (&gt;256 characters) That was why I originally used the .Net Framework method</maml:para>
        </dev:remarks>
      </command:example>
    </command:examples>
    <command:relatedLinks />
  </command:command>
  <command:command xmlns:maml="http://schemas.microsoft.com/maml/2004/10" xmlns:command="http://schemas.microsoft.com/maml/dev/command/2004/10" xmlns:dev="http://schemas.microsoft.com/maml/dev/2004/10" xmlns:MSHelp="http://msdn.microsoft.com/mshelp">
    <command:details>
      <command:name>Find-ServerNameInPath</command:name>
      <command:verb>Find</command:verb>
      <command:noun>ServerNameInPath</command:noun>
      <maml:description>
        <maml:para>Parse a literal path to find its server</maml:para>
      </maml:description>
    </command:details>
    <maml:description>
      <maml:para>Currently only supports local file paths or UNC paths</maml:para>
    </maml:description>
    <command:syntax>
      <command:syntaxItem>
        <maml:name>Find-ServerNameInPath</maml:name>
        <command:parameter required="false" variableLength="true" globbing="false" pipelineInput="False" position="1" aliases="none">
          <maml:name>LiteralPath</maml:name>
          <maml:description>
            <maml:para>{{ Fill LiteralPath Description }}</maml:para>
          </maml:description>
          <command:parameterValue required="true" variableLength="false">System.String</command:parameterValue>
          <dev:type>
            <maml:name>System.String</maml:name>
            <maml:uri />
          </dev:type>
          <dev:defaultValue>None</dev:defaultValue>
        </command:parameter>
      </command:syntaxItem>
    </command:syntax>
    <command:parameters>
      <command:parameter required="false" variableLength="true" globbing="false" pipelineInput="False" position="1" aliases="none">
        <maml:name>LiteralPath</maml:name>
        <maml:description>
          <maml:para>{{ Fill LiteralPath Description }}</maml:para>
        </maml:description>
        <command:parameterValue required="true" variableLength="false">System.String</command:parameterValue>
        <dev:type>
          <maml:name>System.String</maml:name>
          <maml:uri />
        </dev:type>
        <dev:defaultValue>None</dev:defaultValue>
      </command:parameter>
    </command:parameters>
    <command:inputTypes>
      <command:inputType>
        <dev:type>
          <maml:name>None. Pipeline input is not accepted.</maml:name>
        </dev:type>
        <maml:description>
          <maml:para></maml:para>
        </maml:description>
      </command:inputType>
    </command:inputTypes>
    <command:returnValues>
      <command:returnValue>
        <dev:type>
          <maml:name>[System.String] representing the name of the server that was extracted from the path</maml:name>
        </dev:type>
        <maml:description>
          <maml:para></maml:para>
        </maml:description>
      </command:returnValue>
    </command:returnValues>
    <maml:alertSet>
      <maml:alert>
        <maml:para></maml:para>
      </maml:alert>
    </maml:alertSet>
    <command:examples>
      <command:example>
        <maml:title>-------------------------- EXAMPLE 1 --------------------------</maml:title>
        <dev:code>Find-ServerNameInPath -LiteralPath 'C:\Test'</dev:code>
        <dev:remarks>
          <maml:para>Return the hostname of the local computer because a local filepath was used</maml:para>
        </dev:remarks>
      </command:example>
      <command:example>
        <maml:title>-------------------------- EXAMPLE 2 --------------------------</maml:title>
        <dev:code>Find-ServerNameInPath -LiteralPath '\\server123\Test\'</dev:code>
        <dev:remarks>
          <maml:para>Return server123 because a UNC path for a folder shared on server123 was used</maml:para>
        </dev:remarks>
      </command:example>
    </command:examples>
    <command:relatedLinks />
  </command:command>
  <command:command xmlns:maml="http://schemas.microsoft.com/maml/2004/10" xmlns:command="http://schemas.microsoft.com/maml/dev/command/2004/10" xmlns:dev="http://schemas.microsoft.com/maml/dev/2004/10" xmlns:MSHelp="http://msdn.microsoft.com/mshelp">
    <command:details>
      <command:name>Format-FolderPermission</command:name>
      <command:verb>Format</command:verb>
      <command:noun>FolderPermission</command:noun>
      <maml:description>
        <maml:para>{{ Fill in the Synopsis }}</maml:para>
      </maml:description>
    </command:details>
    <maml:description>
      <maml:para>{{ Fill in the Description }}</maml:para>
    </maml:description>
    <command:syntax>
      <command:syntaxItem>
        <maml:name>Format-FolderPermission</maml:name>
        <command:parameter required="false" variableLength="true" globbing="false" pipelineInput="False" position="0" aliases="none">
          <maml:name>UserPermission</maml:name>
          <maml:description>
            <maml:para>{{ Fill UserPermission Description }}</maml:para>
          </maml:description>
          <command:parameterValue required="true" variableLength="false">System.Object</command:parameterValue>
          <dev:type>
            <maml:name>System.Object</maml:name>
            <maml:uri />
          </dev:type>
          <dev:defaultValue>None</dev:defaultValue>
        </command:parameter>
        <command:parameter required="false" variableLength="true" globbing="false" pipelineInput="False" position="1" aliases="none">
          <maml:name>FileSystemRightsToIgnore</maml:name>
          <maml:description>
            <maml:para>{{ Fill FileSystemRightsToIgnore Description }}</maml:para>
          </maml:description>
          <command:parameterValue required="true" variableLength="false">System.String[]</command:parameterValue>
          <dev:type>
            <maml:name>System.String[]</maml:name>
            <maml:uri />
          </dev:type>
          <dev:defaultValue>None</dev:defaultValue>
        </command:parameter>
        <command:parameter required="false" variableLength="true" globbing="false" pipelineInput="False" position="2" aliases="none">
          <maml:name>ThisHostName</maml:name>
          <maml:description>
            <maml:para>{{ Fill ThisHostName Description }}</maml:para>
          </maml:description>
          <command:parameterValue required="true" variableLength="false">System.String</command:parameterValue>
          <dev:type>
            <maml:name>System.String</maml:name>
            <maml:uri />
          </dev:type>
          <dev:defaultValue>None</dev:defaultValue>
        </command:parameter>
        <command:parameter required="false" variableLength="true" globbing="false" pipelineInput="False" position="3" aliases="none">
          <maml:name>WhoAmI</maml:name>
          <maml:description>
            <maml:para>{{ Fill WhoAmI Description }}</maml:para>
          </maml:description>
          <command:parameterValue required="true" variableLength="false">System.String</command:parameterValue>
          <dev:type>
            <maml:name>System.String</maml:name>
            <maml:uri />
          </dev:type>
          <dev:defaultValue>None</dev:defaultValue>
        </command:parameter>
        <command:parameter required="false" variableLength="true" globbing="false" pipelineInput="False" position="4" aliases="none">
          <maml:name>LogMsgCache</maml:name>
          <maml:description>
            <maml:para>{{ Fill LogMsgCache Description }}</maml:para>
          </maml:description>
          <command:parameterValue required="true" variableLength="false">System.Collections.Hashtable</command:parameterValue>
          <dev:type>
            <maml:name>System.Collections.Hashtable</maml:name>
            <maml:uri />
          </dev:type>
          <dev:defaultValue>None</dev:defaultValue>
        </command:parameter>
      </command:syntaxItem>
    </command:syntax>
    <command:parameters>
      <command:parameter required="false" variableLength="true" globbing="false" pipelineInput="False" position="1" aliases="none">
        <maml:name>FileSystemRightsToIgnore</maml:name>
        <maml:description>
          <maml:para>{{ Fill FileSystemRightsToIgnore Description }}</maml:para>
        </maml:description>
        <command:parameterValue required="true" variableLength="false">System.String[]</command:parameterValue>
        <dev:type>
          <maml:name>System.String[]</maml:name>
          <maml:uri />
        </dev:type>
        <dev:defaultValue>None</dev:defaultValue>
      </command:parameter>
      <command:parameter required="false" variableLength="true" globbing="false" pipelineInput="False" position="4" aliases="none">
        <maml:name>LogMsgCache</maml:name>
        <maml:description>
          <maml:para>{{ Fill LogMsgCache Description }}</maml:para>
        </maml:description>
        <command:parameterValue required="true" variableLength="false">System.Collections.Hashtable</command:parameterValue>
        <dev:type>
          <maml:name>System.Collections.Hashtable</maml:name>
          <maml:uri />
        </dev:type>
        <dev:defaultValue>None</dev:defaultValue>
      </command:parameter>
      <command:parameter required="false" variableLength="true" globbing="false" pipelineInput="False" position="2" aliases="none">
        <maml:name>ThisHostName</maml:name>
        <maml:description>
          <maml:para>{{ Fill ThisHostName Description }}</maml:para>
        </maml:description>
        <command:parameterValue required="true" variableLength="false">System.String</command:parameterValue>
        <dev:type>
          <maml:name>System.String</maml:name>
          <maml:uri />
        </dev:type>
        <dev:defaultValue>None</dev:defaultValue>
      </command:parameter>
      <command:parameter required="false" variableLength="true" globbing="false" pipelineInput="False" position="0" aliases="none">
        <maml:name>UserPermission</maml:name>
        <maml:description>
          <maml:para>{{ Fill UserPermission Description }}</maml:para>
        </maml:description>
        <command:parameterValue required="true" variableLength="false">System.Object</command:parameterValue>
        <dev:type>
          <maml:name>System.Object</maml:name>
          <maml:uri />
        </dev:type>
        <dev:defaultValue>None</dev:defaultValue>
      </command:parameter>
      <command:parameter required="false" variableLength="true" globbing="false" pipelineInput="False" position="3" aliases="none">
        <maml:name>WhoAmI</maml:name>
        <maml:description>
          <maml:para>{{ Fill WhoAmI Description }}</maml:para>
        </maml:description>
        <command:parameterValue required="true" variableLength="false">System.String</command:parameterValue>
        <dev:type>
          <maml:name>System.String</maml:name>
          <maml:uri />
        </dev:type>
        <dev:defaultValue>None</dev:defaultValue>
      </command:parameter>
    </command:parameters>
    <command:inputTypes>
      <command:inputType>
        <dev:type>
          <maml:name>None</maml:name>
        </dev:type>
        <maml:description>
          <maml:para></maml:para>
        </maml:description>
      </command:inputType>
    </command:inputTypes>
    <command:returnValues>
      <command:returnValue>
        <dev:type>
          <maml:name>System.Object</maml:name>
        </dev:type>
        <maml:description>
          <maml:para></maml:para>
        </maml:description>
      </command:returnValue>
    </command:returnValues>
    <maml:alertSet>
      <maml:alert>
        <maml:para></maml:para>
      </maml:alert>
    </maml:alertSet>
    <command:examples>
      <command:example>
        <maml:title>-------------------------- Example 1 --------------------------</maml:title>
        <dev:code>PS C:\&gt; {{ Add example code here }}</dev:code>
        <dev:remarks>
          <maml:para>{{ Add example description here }}</maml:para>
        </dev:remarks>
      </command:example>
    </command:examples>
    <command:relatedLinks />
  </command:command>
  <command:command xmlns:maml="http://schemas.microsoft.com/maml/2004/10" xmlns:command="http://schemas.microsoft.com/maml/dev/command/2004/10" xmlns:dev="http://schemas.microsoft.com/maml/dev/2004/10" xmlns:MSHelp="http://msdn.microsoft.com/mshelp">
    <command:details>
      <command:name>Format-SecurityPrincipal</command:name>
      <command:verb>Format</command:verb>
      <command:noun>SecurityPrincipal</command:noun>
      <maml:description>
        <maml:para>{{ Fill in the Synopsis }}</maml:para>
      </maml:description>
    </command:details>
    <maml:description>
      <maml:para>{{ Fill in the Description }}</maml:para>
    </maml:description>
    <command:syntax>
      <command:syntaxItem>
        <maml:name>Format-SecurityPrincipal</maml:name>
        <command:parameter required="false" variableLength="true" globbing="false" pipelineInput="False" position="0" aliases="none">
          <maml:name>SecurityPrincipal</maml:name>
          <maml:description>
            <maml:para>{{ Fill SecurityPrincipal Description }}</maml:para>
          </maml:description>
          <command:parameterValue required="true" variableLength="false">System.Object</command:parameterValue>
          <dev:type>
            <maml:name>System.Object</maml:name>
            <maml:uri />
          </dev:type>
          <dev:defaultValue>None</dev:defaultValue>
        </command:parameter>
      </command:syntaxItem>
    </command:syntax>
    <command:parameters>
      <command:parameter required="false" variableLength="true" globbing="false" pipelineInput="False" position="0" aliases="none">
        <maml:name>SecurityPrincipal</maml:name>
        <maml:description>
          <maml:para>{{ Fill SecurityPrincipal Description }}</maml:para>
        </maml:description>
        <command:parameterValue required="true" variableLength="false">System.Object</command:parameterValue>
        <dev:type>
          <maml:name>System.Object</maml:name>
          <maml:uri />
        </dev:type>
        <dev:defaultValue>None</dev:defaultValue>
      </command:parameter>
    </command:parameters>
    <command:inputTypes>
      <command:inputType>
        <dev:type>
          <maml:name>None</maml:name>
        </dev:type>
        <maml:description>
          <maml:para></maml:para>
        </maml:description>
      </command:inputType>
    </command:inputTypes>
    <command:returnValues>
      <command:returnValue>
        <dev:type>
          <maml:name>System.Object</maml:name>
        </dev:type>
        <maml:description>
          <maml:para></maml:para>
        </maml:description>
      </command:returnValue>
    </command:returnValues>
    <maml:alertSet>
      <maml:alert>
        <maml:para></maml:para>
      </maml:alert>
    </maml:alertSet>
    <command:examples>
      <command:example>
        <maml:title>-------------------------- Example 1 --------------------------</maml:title>
        <dev:code>PS C:\&gt; {{ Add example code here }}</dev:code>
        <dev:remarks>
          <maml:para>{{ Add example description here }}</maml:para>
        </dev:remarks>
      </command:example>
    </command:examples>
    <command:relatedLinks />
  </command:command>
  <command:command xmlns:maml="http://schemas.microsoft.com/maml/2004/10" xmlns:command="http://schemas.microsoft.com/maml/dev/command/2004/10" xmlns:dev="http://schemas.microsoft.com/maml/dev/2004/10" xmlns:MSHelp="http://msdn.microsoft.com/mshelp">
    <command:details>
      <command:name>Get-DirectorySecurity</command:name>
      <command:verb>Get</command:verb>
      <command:noun>DirectorySecurity</command:noun>
      <maml:description>
        <maml:para>Alternative to Get-Acl designed to be as lightweight and flexible as possible     Lightweight: Does not return the Path property like Get-Acl does     Flexible how?  Was it long paths?  DFS?  Can't remember what didn't work with Get-Acl TEMP NOTE: Get-DirectorySecurity combined with Get-FileSystemAccessRule replaces Get-FolderACE</maml:para>
      </maml:description>
    </command:details>
    <maml:description>
      <maml:para>Returns an object for each access control entry instead of a single object for the ACL Excludes inherited permissions by default but allows them to be included with the -IncludeInherited switch parameter</maml:para>
    </maml:description>
    <command:syntax>
      <command:syntaxItem>
        <maml:name>Get-DirectorySecurity</maml:name>
        <command:parameter required="false" variableLength="true" globbing="false" pipelineInput="False" position="1" aliases="none">
          <maml:name>LiteralPath</maml:name>
          <maml:description>
            <maml:para>Path to the directory whose permissions to get</maml:para>
          </maml:description>
          <command:parameterValue required="true" variableLength="false">System.String</command:parameterValue>
          <dev:type>
            <maml:name>System.String</maml:name>
            <maml:uri />
          </dev:type>
          <dev:defaultValue>None</dev:defaultValue>
        </command:parameter>
        <command:parameter required="false" variableLength="true" globbing="false" pipelineInput="False" position="2" aliases="none">
          <maml:name>Sections</maml:name>
          <maml:description>
            <maml:para>Include all sections except Audit because it requires admin rights if run on the local system and we want to avoid that requirement</maml:para>
          </maml:description>
          <command:parameterValueGroup>
            <command:parameterValue required="false" command:variableLength="false">None</command:parameterValue>
            <command:parameterValue required="false" command:variableLength="false">Audit</command:parameterValue>
            <command:parameterValue required="false" command:variableLength="false">Access</command:parameterValue>
            <command:parameterValue required="false" command:variableLength="false">Owner</command:parameterValue>
            <command:parameterValue required="false" command:variableLength="false">Group</command:parameterValue>
            <command:parameterValue required="false" command:variableLength="false">All</command:parameterValue>
          </command:parameterValueGroup>
          <command:parameterValue required="true" variableLength="false">System.Security.AccessControl.AccessControlSections</command:parameterValue>
          <dev:type>
            <maml:name>System.Security.AccessControl.AccessControlSections</maml:name>
            <maml:uri />
          </dev:type>
          <dev:defaultValue>Access, Owner, Group</dev:defaultValue>
        </command:parameter>
      </command:syntaxItem>
    </command:syntax>
    <command:parameters>
      <command:parameter required="false" variableLength="true" globbing="false" pipelineInput="False" position="1" aliases="none">
        <maml:name>LiteralPath</maml:name>
        <maml:description>
          <maml:para>Path to the directory whose permissions to get</maml:para>
        </maml:description>
        <command:parameterValue required="true" variableLength="false">System.String</command:parameterValue>
        <dev:type>
          <maml:name>System.String</maml:name>
          <maml:uri />
        </dev:type>
        <dev:defaultValue>None</dev:defaultValue>
      </command:parameter>
      <command:parameter required="false" variableLength="true" globbing="false" pipelineInput="False" position="2" aliases="none">
        <maml:name>Sections</maml:name>
        <maml:description>
          <maml:para>Include all sections except Audit because it requires admin rights if run on the local system and we want to avoid that requirement</maml:para>
        </maml:description>
        <command:parameterValue required="true" variableLength="false">System.Security.AccessControl.AccessControlSections</command:parameterValue>
        <dev:type>
          <maml:name>System.Security.AccessControl.AccessControlSections</maml:name>
          <maml:uri />
        </dev:type>
        <dev:defaultValue>Access, Owner, Group</dev:defaultValue>
      </command:parameter>
    </command:parameters>
    <command:inputTypes>
      <command:inputType>
        <dev:type>
          <maml:name>None. Pipeline input is not accepted.</maml:name>
        </dev:type>
        <maml:description>
          <maml:para></maml:para>
        </maml:description>
      </command:inputType>
    </command:inputTypes>
    <command:returnValues>
      <command:returnValue>
        <dev:type>
          <maml:name>[PSCustomObject]</maml:name>
        </dev:type>
        <maml:description>
          <maml:para></maml:para>
        </maml:description>
      </command:returnValue>
    </command:returnValues>
    <maml:alertSet>
      <maml:alert>
        <maml:para>Currently only supports Directories but could easily be copied to support files, or Registry or AD providers</maml:para>
      </maml:alert>
    </maml:alertSet>
    <command:examples>
      <command:example>
        <maml:title>-------------------------- Example 1 --------------------------</maml:title>
        <dev:code>PS C:\&gt; {{ Add example code here }}</dev:code>
        <dev:remarks>
          <maml:para>{{ Add example description here }}</maml:para>
        </dev:remarks>
      </command:example>
    </command:examples>
    <command:relatedLinks />
  </command:command>
  <command:command xmlns:maml="http://schemas.microsoft.com/maml/2004/10" xmlns:command="http://schemas.microsoft.com/maml/dev/command/2004/10" xmlns:dev="http://schemas.microsoft.com/maml/dev/2004/10" xmlns:MSHelp="http://msdn.microsoft.com/mshelp">
    <command:details>
      <command:name>Get-FileSystemAccessRule</command:name>
      <command:verb>Get</command:verb>
      <command:noun>FileSystemAccessRule</command:noun>
      <maml:description>
        <maml:para>Alternative to Get-Acl designed to be as lightweight and flexible as possible TEMP NOTE: Get-DirectorySecurity combined with Get-FileSystemAccessRule replaces Get-FolderACE</maml:para>
      </maml:description>
    </command:details>
    <maml:description>
      <maml:para>Returns an object for each access control entry instead of a single object for the ACL Excludes inherited permissions by default but allows them to be included with the -IncludeInherited switch parameter</maml:para>
    </maml:description>
    <command:syntax>
      <command:syntaxItem>
        <maml:name>Get-FileSystemAccessRule</maml:name>
        <command:parameter required="false" variableLength="true" globbing="false" pipelineInput="False" position="1" aliases="none">
          <maml:name>DirectorySecurity</maml:name>
          <maml:description>
            <maml:para>Discretionary Access List whose FileSystemAccessRules to return</maml:para>
          </maml:description>
          <command:parameterValue required="true" variableLength="false">System.Security.AccessControl.DirectorySecurity</command:parameterValue>
          <dev:type>
            <maml:name>System.Security.AccessControl.DirectorySecurity</maml:name>
            <maml:uri />
          </dev:type>
          <dev:defaultValue>None</dev:defaultValue>
        </command:parameter>
        <command:parameter required="false" variableLength="true" globbing="false" pipelineInput="False" position="2" aliases="none">
          <maml:name>IncludeExplicitRules</maml:name>
          <maml:description>
            <maml:para>Include non-inherited Access Control Entries in the results</maml:para>
          </maml:description>
          <command:parameterValue required="true" variableLength="false">System.Boolean</command:parameterValue>
          <dev:type>
            <maml:name>System.Boolean</maml:name>
            <maml:uri />
          </dev:type>
          <dev:defaultValue>True</dev:defaultValue>
        </command:parameter>
        <command:parameter required="false" variableLength="true" globbing="false" pipelineInput="False" position="3" aliases="none">
          <maml:name>AccountType</maml:name>
          <maml:description>
            <maml:para>Type of IdentityReference to return in each ACE</maml:para>
          </maml:description>
          <command:parameterValue required="true" variableLength="false">System.Type</command:parameterValue>
          <dev:type>
            <maml:name>System.Type</maml:name>
            <maml:uri />
          </dev:type>
          <dev:defaultValue>System.Security.Principal.SecurityIdentifier</dev:defaultValue>
        </command:parameter>
        <command:parameter required="false" variableLength="true" globbing="false" pipelineInput="False" position="named" aliases="none">
          <maml:name>IncludeInherited</maml:name>
          <maml:description>
            <maml:para>Include inherited Access Control Entries in the results</maml:para>
          </maml:description>
          <dev:type>
            <maml:name>System.Management.Automation.SwitchParameter</maml:name>
            <maml:uri />
          </dev:type>
          <dev:defaultValue>False</dev:defaultValue>
        </command:parameter>
      </command:syntaxItem>
    </command:syntax>
    <command:parameters>
      <command:parameter required="false" variableLength="true" globbing="false" pipelineInput="False" position="3" aliases="none">
        <maml:name>AccountType</maml:name>
        <maml:description>
          <maml:para>Type of IdentityReference to return in each ACE</maml:para>
        </maml:description>
        <command:parameterValue required="true" variableLength="false">System.Type</command:parameterValue>
        <dev:type>
          <maml:name>System.Type</maml:name>
          <maml:uri />
        </dev:type>
        <dev:defaultValue>System.Security.Principal.SecurityIdentifier</dev:defaultValue>
      </command:parameter>
      <command:parameter required="false" variableLength="true" globbing="false" pipelineInput="False" position="1" aliases="none">
        <maml:name>DirectorySecurity</maml:name>
        <maml:description>
          <maml:para>Discretionary Access List whose FileSystemAccessRules to return</maml:para>
        </maml:description>
        <command:parameterValue required="true" variableLength="false">System.Security.AccessControl.DirectorySecurity</command:parameterValue>
        <dev:type>
          <maml:name>System.Security.AccessControl.DirectorySecurity</maml:name>
          <maml:uri />
        </dev:type>
        <dev:defaultValue>None</dev:defaultValue>
      </command:parameter>
      <command:parameter required="false" variableLength="true" globbing="false" pipelineInput="False" position="2" aliases="none">
        <maml:name>IncludeExplicitRules</maml:name>
        <maml:description>
          <maml:para>Include non-inherited Access Control Entries in the results</maml:para>
        </maml:description>
        <command:parameterValue required="true" variableLength="false">System.Boolean</command:parameterValue>
        <dev:type>
          <maml:name>System.Boolean</maml:name>
          <maml:uri />
        </dev:type>
        <dev:defaultValue>True</dev:defaultValue>
      </command:parameter>
      <command:parameter required="false" variableLength="true" globbing="false" pipelineInput="False" position="named" aliases="none">
        <maml:name>IncludeInherited</maml:name>
        <maml:description>
          <maml:para>Include inherited Access Control Entries in the results</maml:para>
        </maml:description>
        <command:parameterValue required="true" variableLength="false">System.Management.Automation.SwitchParameter</command:parameterValue>
        <dev:type>
          <maml:name>System.Management.Automation.SwitchParameter</maml:name>
          <maml:uri />
        </dev:type>
        <dev:defaultValue>False</dev:defaultValue>
      </command:parameter>
    </command:parameters>
    <command:inputTypes>
      <command:inputType>
        <dev:type>
          <maml:name>None. Pipeline input is not accepted.</maml:name>
        </dev:type>
        <maml:description>
          <maml:para></maml:para>
        </maml:description>
      </command:inputType>
    </command:inputTypes>
    <command:returnValues>
      <command:returnValue>
        <dev:type>
          <maml:name>[PSCustomObject]</maml:name>
        </dev:type>
        <maml:description>
          <maml:para></maml:para>
        </maml:description>
      </command:returnValue>
    </command:returnValues>
    <maml:alertSet>
      <maml:alert>
        <maml:para>Currently only supports Directories but could easily be copied to support files, or Registry or AD providers</maml:para>
      </maml:alert>
    </maml:alertSet>
    <command:examples>
      <command:example>
        <maml:title>-------------------------- Example 1 --------------------------</maml:title>
        <dev:code>PS C:\&gt; {{ Add example code here }}</dev:code>
        <dev:remarks>
          <maml:para>{{ Add example description here }}</maml:para>
        </dev:remarks>
      </command:example>
    </command:examples>
    <command:relatedLinks />
  </command:command>
  <command:command xmlns:maml="http://schemas.microsoft.com/maml/2004/10" xmlns:command="http://schemas.microsoft.com/maml/dev/command/2004/10" xmlns:dev="http://schemas.microsoft.com/maml/dev/2004/10" xmlns:MSHelp="http://msdn.microsoft.com/mshelp">
    <command:details>
      <command:name>Get-FolderAce</command:name>
      <command:verb>Get</command:verb>
      <command:noun>FolderAce</command:noun>
      <maml:description>
        <maml:para>Alternative to Get-Acl designed to be as lightweight and flexible as possible</maml:para>
      </maml:description>
    </command:details>
    <maml:description>
      <maml:para>Returns an object for each access control entry instead of a single object for the ACL Excludes inherited permissions by default but allows them to be included with the -IncludeInherited switch parameter</maml:para>
    </maml:description>
    <command:syntax>
      <command:syntaxItem>
        <maml:name>Get-FolderAce</maml:name>
        <command:parameter required="false" variableLength="true" globbing="false" pipelineInput="False" position="1" aliases="none">
          <maml:name>LiteralPath</maml:name>
          <maml:description>
            <maml:para>Path to the directory whose permissions to get</maml:para>
          </maml:description>
          <command:parameterValue required="true" variableLength="false">System.String</command:parameterValue>
          <dev:type>
            <maml:name>System.String</maml:name>
            <maml:uri />
          </dev:type>
          <dev:defaultValue>None</dev:defaultValue>
        </command:parameter>
        <command:parameter required="false" variableLength="true" globbing="false" pipelineInput="False" position="2" aliases="none">
          <maml:name>Sections</maml:name>
          <maml:description>
            <maml:para>Include all sections except Audit because it requires admin rights if run on the local system and we want to avoid that requirement</maml:para>
          </maml:description>
          <command:parameterValueGroup>
            <command:parameterValue required="false" command:variableLength="false">None</command:parameterValue>
            <command:parameterValue required="false" command:variableLength="false">Audit</command:parameterValue>
            <command:parameterValue required="false" command:variableLength="false">Access</command:parameterValue>
            <command:parameterValue required="false" command:variableLength="false">Owner</command:parameterValue>
            <command:parameterValue required="false" command:variableLength="false">Group</command:parameterValue>
            <command:parameterValue required="false" command:variableLength="false">All</command:parameterValue>
          </command:parameterValueGroup>
          <command:parameterValue required="true" variableLength="false">System.Security.AccessControl.AccessControlSections</command:parameterValue>
          <dev:type>
            <maml:name>System.Security.AccessControl.AccessControlSections</maml:name>
            <maml:uri />
          </dev:type>
          <dev:defaultValue>Access, Owner, Group</dev:defaultValue>
        </command:parameter>
        <command:parameter required="false" variableLength="true" globbing="false" pipelineInput="False" position="3" aliases="none">
          <maml:name>IncludeExplicitRules</maml:name>
          <maml:description>
            <maml:para>Include non-inherited Access Control Entries in the results</maml:para>
          </maml:description>
          <command:parameterValue required="true" variableLength="false">System.Boolean</command:parameterValue>
          <dev:type>
            <maml:name>System.Boolean</maml:name>
            <maml:uri />
          </dev:type>
          <dev:defaultValue>True</dev:defaultValue>
        </command:parameter>
        <command:parameter required="false" variableLength="true" globbing="false" pipelineInput="False" position="4" aliases="none">
          <maml:name>AccountType</maml:name>
          <maml:description>
            <maml:para>Type of IdentityReference to return in each ACE</maml:para>
          </maml:description>
          <command:parameterValue required="true" variableLength="false">System.Type</command:parameterValue>
          <dev:type>
            <maml:name>System.Type</maml:name>
            <maml:uri />
          </dev:type>
          <dev:defaultValue>System.Security.Principal.SecurityIdentifier</dev:defaultValue>
        </command:parameter>
        <command:parameter required="false" variableLength="true" globbing="false" pipelineInput="False" position="5" aliases="none">
          <maml:name>DebugOutputStream</maml:name>
          <maml:description>
            <maml:para>Will be sent to the Type parameter of Write-LogMsg in the PsLogMessage module</maml:para>
          </maml:description>
          <command:parameterValue required="true" variableLength="false">System.String</command:parameterValue>
          <dev:type>
            <maml:name>System.String</maml:name>
            <maml:uri />
          </dev:type>
          <dev:defaultValue>Silent</dev:defaultValue>
        </command:parameter>
        <command:parameter required="false" variableLength="true" globbing="false" pipelineInput="False" position="6" aliases="none">
          <maml:name>TodaysHostname</maml:name>
          <maml:description>
            <maml:para>Hostname to record in log messages (can be passed to Write-LogMsg as a parameter to avoid calling an external process)</maml:para>
          </maml:description>
          <command:parameterValue required="true" variableLength="false">System.String</command:parameterValue>
          <dev:type>
            <maml:name>System.String</maml:name>
            <maml:uri />
          </dev:type>
          <dev:defaultValue>(HOSTNAME.EXE)</dev:defaultValue>
        </command:parameter>
        <command:parameter required="false" variableLength="true" globbing="false" pipelineInput="False" position="7" aliases="none">
          <maml:name>WhoAmI</maml:name>
          <maml:description>
            <maml:para>Username to record in log messages (can be passed to Write-LogMsg as a parameter to avoid calling an external process)</maml:para>
          </maml:description>
          <command:parameterValue required="true" variableLength="false">System.String</command:parameterValue>
          <dev:type>
            <maml:name>System.String</maml:name>
            <maml:uri />
          </dev:type>
          <dev:defaultValue>(whoami.EXE)</dev:defaultValue>
        </command:parameter>
        <command:parameter required="false" variableLength="true" globbing="false" pipelineInput="False" position="named" aliases="none">
          <maml:name>IncludeInherited</maml:name>
          <maml:description>
            <maml:para>Include inherited Access Control Entries in the results</maml:para>
          </maml:description>
          <dev:type>
            <maml:name>System.Management.Automation.SwitchParameter</maml:name>
            <maml:uri />
          </dev:type>
          <dev:defaultValue>False</dev:defaultValue>
        </command:parameter>
      </command:syntaxItem>
    </command:syntax>
    <command:parameters>
      <command:parameter required="false" variableLength="true" globbing="false" pipelineInput="False" position="4" aliases="none">
        <maml:name>AccountType</maml:name>
        <maml:description>
          <maml:para>Type of IdentityReference to return in each ACE</maml:para>
        </maml:description>
        <command:parameterValue required="true" variableLength="false">System.Type</command:parameterValue>
        <dev:type>
          <maml:name>System.Type</maml:name>
          <maml:uri />
        </dev:type>
        <dev:defaultValue>System.Security.Principal.SecurityIdentifier</dev:defaultValue>
      </command:parameter>
      <command:parameter required="false" variableLength="true" globbing="false" pipelineInput="False" position="5" aliases="none">
        <maml:name>DebugOutputStream</maml:name>
        <maml:description>
          <maml:para>Will be sent to the Type parameter of Write-LogMsg in the PsLogMessage module</maml:para>
        </maml:description>
        <command:parameterValue required="true" variableLength="false">System.String</command:parameterValue>
        <dev:type>
          <maml:name>System.String</maml:name>
          <maml:uri />
        </dev:type>
        <dev:defaultValue>Silent</dev:defaultValue>
      </command:parameter>
      <command:parameter required="false" variableLength="true" globbing="false" pipelineInput="False" position="3" aliases="none">
        <maml:name>IncludeExplicitRules</maml:name>
        <maml:description>
          <maml:para>Include non-inherited Access Control Entries in the results</maml:para>
        </maml:description>
        <command:parameterValue required="true" variableLength="false">System.Boolean</command:parameterValue>
        <dev:type>
          <maml:name>System.Boolean</maml:name>
          <maml:uri />
        </dev:type>
        <dev:defaultValue>True</dev:defaultValue>
      </command:parameter>
      <command:parameter required="false" variableLength="true" globbing="false" pipelineInput="False" position="named" aliases="none">
        <maml:name>IncludeInherited</maml:name>
        <maml:description>
          <maml:para>Include inherited Access Control Entries in the results</maml:para>
        </maml:description>
        <command:parameterValue required="true" variableLength="false">System.Management.Automation.SwitchParameter</command:parameterValue>
        <dev:type>
          <maml:name>System.Management.Automation.SwitchParameter</maml:name>
          <maml:uri />
        </dev:type>
        <dev:defaultValue>False</dev:defaultValue>
      </command:parameter>
      <command:parameter required="false" variableLength="true" globbing="false" pipelineInput="False" position="1" aliases="none">
        <maml:name>LiteralPath</maml:name>
        <maml:description>
          <maml:para>Path to the directory whose permissions to get</maml:para>
        </maml:description>
        <command:parameterValue required="true" variableLength="false">System.String</command:parameterValue>
        <dev:type>
          <maml:name>System.String</maml:name>
          <maml:uri />
        </dev:type>
        <dev:defaultValue>None</dev:defaultValue>
      </command:parameter>
      <command:parameter required="false" variableLength="true" globbing="false" pipelineInput="False" position="2" aliases="none">
        <maml:name>Sections</maml:name>
        <maml:description>
          <maml:para>Include all sections except Audit because it requires admin rights if run on the local system and we want to avoid that requirement</maml:para>
        </maml:description>
        <command:parameterValue required="true" variableLength="false">System.Security.AccessControl.AccessControlSections</command:parameterValue>
        <dev:type>
          <maml:name>System.Security.AccessControl.AccessControlSections</maml:name>
          <maml:uri />
        </dev:type>
        <dev:defaultValue>Access, Owner, Group</dev:defaultValue>
      </command:parameter>
      <command:parameter required="false" variableLength="true" globbing="false" pipelineInput="False" position="6" aliases="none">
        <maml:name>TodaysHostname</maml:name>
        <maml:description>
          <maml:para>Hostname to record in log messages (can be passed to Write-LogMsg as a parameter to avoid calling an external process)</maml:para>
        </maml:description>
        <command:parameterValue required="true" variableLength="false">System.String</command:parameterValue>
        <dev:type>
          <maml:name>System.String</maml:name>
          <maml:uri />
        </dev:type>
        <dev:defaultValue>(HOSTNAME.EXE)</dev:defaultValue>
      </command:parameter>
      <command:parameter required="false" variableLength="true" globbing="false" pipelineInput="False" position="7" aliases="none">
        <maml:name>WhoAmI</maml:name>
        <maml:description>
          <maml:para>Username to record in log messages (can be passed to Write-LogMsg as a parameter to avoid calling an external process)</maml:para>
        </maml:description>
        <command:parameterValue required="true" variableLength="false">System.String</command:parameterValue>
        <dev:type>
          <maml:name>System.String</maml:name>
          <maml:uri />
        </dev:type>
        <dev:defaultValue>(whoami.EXE)</dev:defaultValue>
      </command:parameter>
    </command:parameters>
    <command:inputTypes>
      <command:inputType>
        <dev:type>
          <maml:name>None. Pipeline input is not accepted.</maml:name>
        </dev:type>
        <maml:description>
          <maml:para></maml:para>
        </maml:description>
      </command:inputType>
    </command:inputTypes>
    <command:returnValues>
      <command:returnValue>
        <dev:type>
          <maml:name>[PSCustomObject]</maml:name>
        </dev:type>
        <maml:description>
          <maml:para></maml:para>
        </maml:description>
      </command:returnValue>
    </command:returnValues>
    <maml:alertSet>
      <maml:alert>
        <maml:para>Currently only supports Directories but could easily be copied to support files, or Registry or AD providers</maml:para>
      </maml:alert>
    </maml:alertSet>
    <command:examples>
      <command:example>
        <maml:title>-------------------------- Example 1 --------------------------</maml:title>
        <dev:code>PS C:\&gt; {{ Add example code here }}</dev:code>
        <dev:remarks>
          <maml:para>{{ Add example description here }}</maml:para>
        </dev:remarks>
      </command:example>
    </command:examples>
    <command:relatedLinks />
  </command:command>
  <command:command xmlns:maml="http://schemas.microsoft.com/maml/2004/10" xmlns:command="http://schemas.microsoft.com/maml/dev/command/2004/10" xmlns:dev="http://schemas.microsoft.com/maml/dev/2004/10" xmlns:MSHelp="http://msdn.microsoft.com/mshelp">
    <command:details>
      <command:name>Get-Subfolder</command:name>
      <command:verb>Get</command:verb>
      <command:noun>Subfolder</command:noun>
      <maml:description>
        <maml:para>{{ Fill in the Synopsis }}</maml:para>
      </maml:description>
    </command:details>
    <maml:description>
      <maml:para>{{ Fill in the Description }}</maml:para>
    </maml:description>
    <command:syntax>
      <command:syntaxItem>
        <maml:name>Get-Subfolder</maml:name>
        <command:parameter required="false" variableLength="true" globbing="false" pipelineInput="False" position="0" aliases="none">
          <maml:name>TargetPath</maml:name>
          <maml:description>
            <maml:para>{{ Fill TargetPath Description }}</maml:para>
          </maml:description>
          <command:parameterValue required="true" variableLength="false">System.String</command:parameterValue>
          <dev:type>
            <maml:name>System.String</maml:name>
            <maml:uri />
          </dev:type>
          <dev:defaultValue>None</dev:defaultValue>
        </command:parameter>
        <command:parameter required="false" variableLength="true" globbing="false" pipelineInput="False" position="1" aliases="none">
          <maml:name>FolderRecursionDepth</maml:name>
          <maml:description>
            <maml:para>{{ Fill FolderRecursionDepth Description }}</maml:para>
          </maml:description>
          <command:parameterValue required="true" variableLength="false">System.Int32</command:parameterValue>
          <dev:type>
            <maml:name>System.Int32</maml:name>
            <maml:uri />
          </dev:type>
          <dev:defaultValue>None</dev:defaultValue>
        </command:parameter>
        <command:parameter required="false" variableLength="true" globbing="false" pipelineInput="False" position="named" aliases="proga">
          <maml:name>ProgressAction</maml:name>
          <maml:description>
            <maml:para>{{ Fill ProgressAction Description }}</maml:para>
          </maml:description>
          <command:parameterValue required="true" variableLength="false">System.Management.Automation.ActionPreference</command:parameterValue>
          <dev:type>
            <maml:name>System.Management.Automation.ActionPreference</maml:name>
            <maml:uri />
          </dev:type>
          <dev:defaultValue>None</dev:defaultValue>
        </command:parameter>
      </command:syntaxItem>
    </command:syntax>
    <command:parameters>
      <command:parameter required="false" variableLength="true" globbing="false" pipelineInput="False" position="1" aliases="none">
        <maml:name>FolderRecursionDepth</maml:name>
        <maml:description>
          <maml:para>{{ Fill FolderRecursionDepth Description }}</maml:para>
        </maml:description>
        <command:parameterValue required="true" variableLength="false">System.Int32</command:parameterValue>
        <dev:type>
          <maml:name>System.Int32</maml:name>
          <maml:uri />
        </dev:type>
        <dev:defaultValue>None</dev:defaultValue>
      </command:parameter>
      <command:parameter required="false" variableLength="true" globbing="false" pipelineInput="False" position="named" aliases="proga">
        <maml:name>ProgressAction</maml:name>
        <maml:description>
          <maml:para>{{ Fill ProgressAction Description }}</maml:para>
        </maml:description>
        <command:parameterValue required="true" variableLength="false">System.Management.Automation.ActionPreference</command:parameterValue>
        <dev:type>
          <maml:name>System.Management.Automation.ActionPreference</maml:name>
          <maml:uri />
        </dev:type>
        <dev:defaultValue>None</dev:defaultValue>
      </command:parameter>
      <command:parameter required="false" variableLength="true" globbing="false" pipelineInput="False" position="0" aliases="none">
        <maml:name>TargetPath</maml:name>
        <maml:description>
          <maml:para>{{ Fill TargetPath Description }}</maml:para>
        </maml:description>
        <command:parameterValue required="true" variableLength="false">System.String</command:parameterValue>
        <dev:type>
          <maml:name>System.String</maml:name>
          <maml:uri />
        </dev:type>
        <dev:defaultValue>None</dev:defaultValue>
      </command:parameter>
    </command:parameters>
    <command:inputTypes>
      <command:inputType>
        <dev:type>
          <maml:name>None</maml:name>
        </dev:type>
        <maml:description>
          <maml:para></maml:para>
        </maml:description>
      </command:inputType>
    </command:inputTypes>
    <command:returnValues>
      <command:returnValue>
        <dev:type>
          <maml:name>System.Object</maml:name>
        </dev:type>
        <maml:description>
          <maml:para></maml:para>
        </maml:description>
      </command:returnValue>
    </command:returnValues>
    <maml:alertSet>
      <maml:alert>
        <maml:para></maml:para>
      </maml:alert>
    </maml:alertSet>
    <command:examples>
      <command:example>
        <maml:title>-------------------------- Example 1 --------------------------</maml:title>
        <dev:code>PS C:\&gt; {{ Add example code here }}</dev:code>
        <dev:remarks>
          <maml:para>{{ Add example description here }}</maml:para>
        </dev:remarks>
      </command:example>
    </command:examples>
    <command:relatedLinks />
  </command:command>
  <command:command xmlns:maml="http://schemas.microsoft.com/maml/2004/10" xmlns:command="http://schemas.microsoft.com/maml/dev/command/2004/10" xmlns:dev="http://schemas.microsoft.com/maml/dev/2004/10" xmlns:MSHelp="http://msdn.microsoft.com/mshelp">
    <command:details>
      <command:name>Get-Win32MappedLogicalDisk</command:name>
      <command:verb>Get</command:verb>
      <command:noun>Win32MappedLogicalDisk</command:noun>
      <maml:description>
        <maml:para>{{ Fill in the Synopsis }}</maml:para>
      </maml:description>
    </command:details>
    <maml:description>
      <maml:para>{{ Fill in the Description }}</maml:para>
    </maml:description>
    <command:syntax>
      <command:syntaxItem>
        <maml:name>Get-Win32MappedLogicalDisk</maml:name>
        <command:parameter required="false" variableLength="true" globbing="false" pipelineInput="False" position="0" aliases="none">
          <maml:name>ComputerName</maml:name>
          <maml:description>
            <maml:para>{{ Fill ComputerName Description }}</maml:para>
          </maml:description>
          <command:parameterValue required="true" variableLength="false">System.String</command:parameterValue>
          <dev:type>
            <maml:name>System.String</maml:name>
            <maml:uri />
          </dev:type>
          <dev:defaultValue>None</dev:defaultValue>
        </command:parameter>
        <command:parameter required="false" variableLength="true" globbing="false" pipelineInput="False" position="1" aliases="none">
          <maml:name>ThisHostName</maml:name>
          <maml:description>
            <maml:para>{{ Fill ThisHostName Description }}</maml:para>
          </maml:description>
          <command:parameterValue required="true" variableLength="false">System.String</command:parameterValue>
          <dev:type>
            <maml:name>System.String</maml:name>
            <maml:uri />
          </dev:type>
          <dev:defaultValue>None</dev:defaultValue>
        </command:parameter>
        <command:parameter required="false" variableLength="true" globbing="false" pipelineInput="False" position="2" aliases="none">
          <maml:name>ThisFqdn</maml:name>
          <maml:description>
            <maml:para>{{ Fill ThisFqdn Description }}</maml:para>
          </maml:description>
          <command:parameterValue required="true" variableLength="false">System.String</command:parameterValue>
          <dev:type>
            <maml:name>System.String</maml:name>
            <maml:uri />
          </dev:type>
          <dev:defaultValue>None</dev:defaultValue>
        </command:parameter>
        <command:parameter required="false" variableLength="true" globbing="false" pipelineInput="False" position="3" aliases="none">
          <maml:name>WhoAmI</maml:name>
          <maml:description>
            <maml:para>{{ Fill WhoAmI Description }}</maml:para>
          </maml:description>
          <command:parameterValue required="true" variableLength="false">System.String</command:parameterValue>
          <dev:type>
            <maml:name>System.String</maml:name>
            <maml:uri />
          </dev:type>
          <dev:defaultValue>None</dev:defaultValue>
        </command:parameter>
        <command:parameter required="false" variableLength="true" globbing="false" pipelineInput="False" position="4" aliases="none">
          <maml:name>LogMsgCache</maml:name>
          <maml:description>
            <maml:para>{{ Fill LogMsgCache Description }}</maml:para>
          </maml:description>
          <command:parameterValue required="true" variableLength="false">System.Collections.Hashtable</command:parameterValue>
          <dev:type>
            <maml:name>System.Collections.Hashtable</maml:name>
            <maml:uri />
          </dev:type>
          <dev:defaultValue>None</dev:defaultValue>
        </command:parameter>
      </command:syntaxItem>
    </command:syntax>
    <command:parameters>
      <command:parameter required="false" variableLength="true" globbing="false" pipelineInput="False" position="0" aliases="none">
        <maml:name>ComputerName</maml:name>
        <maml:description>
          <maml:para>{{ Fill ComputerName Description }}</maml:para>
        </maml:description>
        <command:parameterValue required="true" variableLength="false">System.String</command:parameterValue>
        <dev:type>
          <maml:name>System.String</maml:name>
          <maml:uri />
        </dev:type>
        <dev:defaultValue>None</dev:defaultValue>
      </command:parameter>
      <command:parameter required="false" variableLength="true" globbing="false" pipelineInput="False" position="4" aliases="none">
        <maml:name>LogMsgCache</maml:name>
        <maml:description>
          <maml:para>{{ Fill LogMsgCache Description }}</maml:para>
        </maml:description>
        <command:parameterValue required="true" variableLength="false">System.Collections.Hashtable</command:parameterValue>
        <dev:type>
          <maml:name>System.Collections.Hashtable</maml:name>
          <maml:uri />
        </dev:type>
        <dev:defaultValue>None</dev:defaultValue>
      </command:parameter>
      <command:parameter required="false" variableLength="true" globbing="false" pipelineInput="False" position="2" aliases="none">
        <maml:name>ThisFqdn</maml:name>
        <maml:description>
          <maml:para>{{ Fill ThisFqdn Description }}</maml:para>
        </maml:description>
        <command:parameterValue required="true" variableLength="false">System.String</command:parameterValue>
        <dev:type>
          <maml:name>System.String</maml:name>
          <maml:uri />
        </dev:type>
        <dev:defaultValue>None</dev:defaultValue>
      </command:parameter>
      <command:parameter required="false" variableLength="true" globbing="false" pipelineInput="False" position="1" aliases="none">
        <maml:name>ThisHostName</maml:name>
        <maml:description>
          <maml:para>{{ Fill ThisHostName Description }}</maml:para>
        </maml:description>
        <command:parameterValue required="true" variableLength="false">System.String</command:parameterValue>
        <dev:type>
          <maml:name>System.String</maml:name>
          <maml:uri />
        </dev:type>
        <dev:defaultValue>None</dev:defaultValue>
      </command:parameter>
      <command:parameter required="false" variableLength="true" globbing="false" pipelineInput="False" position="3" aliases="none">
        <maml:name>WhoAmI</maml:name>
        <maml:description>
          <maml:para>{{ Fill WhoAmI Description }}</maml:para>
        </maml:description>
        <command:parameterValue required="true" variableLength="false">System.String</command:parameterValue>
        <dev:type>
          <maml:name>System.String</maml:name>
          <maml:uri />
        </dev:type>
        <dev:defaultValue>None</dev:defaultValue>
      </command:parameter>
    </command:parameters>
    <command:inputTypes>
      <command:inputType>
        <dev:type>
          <maml:name>None</maml:name>
        </dev:type>
        <maml:description>
          <maml:para></maml:para>
        </maml:description>
      </command:inputType>
    </command:inputTypes>
    <command:returnValues>
      <command:returnValue>
        <dev:type>
          <maml:name>System.Object</maml:name>
        </dev:type>
        <maml:description>
          <maml:para></maml:para>
        </maml:description>
      </command:returnValue>
    </command:returnValues>
    <maml:alertSet>
      <maml:alert>
        <maml:para></maml:para>
      </maml:alert>
    </maml:alertSet>
    <command:examples>
      <command:example>
        <maml:title>-------------------------- Example 1 --------------------------</maml:title>
        <dev:code>PS C:\&gt; {{ Add example code here }}</dev:code>
        <dev:remarks>
          <maml:para>{{ Add example description here }}</maml:para>
        </dev:remarks>
      </command:example>
    </command:examples>
    <command:relatedLinks />
  </command:command>
  <command:command xmlns:maml="http://schemas.microsoft.com/maml/2004/10" xmlns:command="http://schemas.microsoft.com/maml/dev/command/2004/10" xmlns:dev="http://schemas.microsoft.com/maml/dev/2004/10" xmlns:MSHelp="http://msdn.microsoft.com/mshelp">
    <command:details>
      <command:name>New-NtfsAclIssueReport</command:name>
      <command:verb>New</command:verb>
      <command:noun>NtfsAclIssueReport</command:noun>
      <maml:description>
        <maml:para>{{ Fill in the Synopsis }}</maml:para>
      </maml:description>
    </command:details>
    <maml:description>
      <maml:para>{{ Fill in the Description }}</maml:para>
    </maml:description>
    <command:syntax>
      <command:syntaxItem>
        <maml:name>New-NtfsAclIssueReport</maml:name>
        <command:parameter required="false" variableLength="true" globbing="false" pipelineInput="False" position="0" aliases="none">
          <maml:name>FolderPermissions</maml:name>
          <maml:description>
            <maml:para>{{ Fill FolderPermissions Description }}</maml:para>
          </maml:description>
          <command:parameterValue required="true" variableLength="false">System.Object</command:parameterValue>
          <dev:type>
            <maml:name>System.Object</maml:name>
            <maml:uri />
          </dev:type>
          <dev:defaultValue>None</dev:defaultValue>
        </command:parameter>
        <command:parameter required="false" variableLength="true" globbing="false" pipelineInput="False" position="1" aliases="none">
          <maml:name>UserPermissions</maml:name>
          <maml:description>
            <maml:para>{{ Fill UserPermissions Description }}</maml:para>
          </maml:description>
          <command:parameterValue required="true" variableLength="false">System.Object</command:parameterValue>
          <dev:type>
            <maml:name>System.Object</maml:name>
            <maml:uri />
          </dev:type>
          <dev:defaultValue>None</dev:defaultValue>
        </command:parameter>
        <command:parameter required="false" variableLength="true" globbing="false" pipelineInput="False" position="2" aliases="none">
          <maml:name>GroupNamingConvention</maml:name>
          <maml:description>
            <maml:para>{{ Fill GroupNamingConvention Description }}</maml:para>
          </maml:description>
          <command:parameterValue required="true" variableLength="false">System.Management.Automation.ScriptBlock</command:parameterValue>
          <dev:type>
            <maml:name>System.Management.Automation.ScriptBlock</maml:name>
            <maml:uri />
          </dev:type>
          <dev:defaultValue>None</dev:defaultValue>
        </command:parameter>
        <command:parameter required="false" variableLength="true" globbing="false" pipelineInput="False" position="3" aliases="none">
          <maml:name>ThisHostName</maml:name>
          <maml:description>
            <maml:para>{{ Fill ThisHostName Description }}</maml:para>
          </maml:description>
          <command:parameterValue required="true" variableLength="false">System.String</command:parameterValue>
          <dev:type>
            <maml:name>System.String</maml:name>
            <maml:uri />
          </dev:type>
          <dev:defaultValue>None</dev:defaultValue>
        </command:parameter>
        <command:parameter required="false" variableLength="true" globbing="false" pipelineInput="False" position="4" aliases="none">
          <maml:name>WhoAmI</maml:name>
          <maml:description>
            <maml:para>{{ Fill WhoAmI Description }}</maml:para>
          </maml:description>
          <command:parameterValue required="true" variableLength="false">System.String</command:parameterValue>
          <dev:type>
            <maml:name>System.String</maml:name>
            <maml:uri />
          </dev:type>
          <dev:defaultValue>None</dev:defaultValue>
        </command:parameter>
        <command:parameter required="false" variableLength="true" globbing="false" pipelineInput="False" position="5" aliases="none">
          <maml:name>LogMsgCache</maml:name>
          <maml:description>
            <maml:para>{{ Fill LogMsgCache Description }}</maml:para>
          </maml:description>
          <command:parameterValue required="true" variableLength="false">System.Collections.Hashtable</command:parameterValue>
          <dev:type>
            <maml:name>System.Collections.Hashtable</maml:name>
            <maml:uri />
          </dev:type>
          <dev:defaultValue>None</dev:defaultValue>
        </command:parameter>
      </command:syntaxItem>
    </command:syntax>
    <command:parameters>
      <command:parameter required="false" variableLength="true" globbing="false" pipelineInput="False" position="0" aliases="none">
        <maml:name>FolderPermissions</maml:name>
        <maml:description>
          <maml:para>{{ Fill FolderPermissions Description }}</maml:para>
        </maml:description>
        <command:parameterValue required="true" variableLength="false">System.Object</command:parameterValue>
        <dev:type>
          <maml:name>System.Object</maml:name>
          <maml:uri />
        </dev:type>
        <dev:defaultValue>None</dev:defaultValue>
      </command:parameter>
      <command:parameter required="false" variableLength="true" globbing="false" pipelineInput="False" position="2" aliases="none">
        <maml:name>GroupNamingConvention</maml:name>
        <maml:description>
          <maml:para>{{ Fill GroupNamingConvention Description }}</maml:para>
        </maml:description>
        <command:parameterValue required="true" variableLength="false">System.Management.Automation.ScriptBlock</command:parameterValue>
        <dev:type>
          <maml:name>System.Management.Automation.ScriptBlock</maml:name>
          <maml:uri />
        </dev:type>
        <dev:defaultValue>None</dev:defaultValue>
      </command:parameter>
      <command:parameter required="false" variableLength="true" globbing="false" pipelineInput="False" position="5" aliases="none">
        <maml:name>LogMsgCache</maml:name>
        <maml:description>
          <maml:para>{{ Fill LogMsgCache Description }}</maml:para>
        </maml:description>
        <command:parameterValue required="true" variableLength="false">System.Collections.Hashtable</command:parameterValue>
        <dev:type>
          <maml:name>System.Collections.Hashtable</maml:name>
          <maml:uri />
        </dev:type>
        <dev:defaultValue>None</dev:defaultValue>
      </command:parameter>
      <command:parameter required="false" variableLength="true" globbing="false" pipelineInput="False" position="3" aliases="none">
        <maml:name>ThisHostName</maml:name>
        <maml:description>
          <maml:para>{{ Fill ThisHostName Description }}</maml:para>
        </maml:description>
        <command:parameterValue required="true" variableLength="false">System.String</command:parameterValue>
        <dev:type>
          <maml:name>System.String</maml:name>
          <maml:uri />
        </dev:type>
        <dev:defaultValue>None</dev:defaultValue>
      </command:parameter>
      <command:parameter required="false" variableLength="true" globbing="false" pipelineInput="False" position="1" aliases="none">
        <maml:name>UserPermissions</maml:name>
        <maml:description>
          <maml:para>{{ Fill UserPermissions Description }}</maml:para>
        </maml:description>
        <command:parameterValue required="true" variableLength="false">System.Object</command:parameterValue>
        <dev:type>
          <maml:name>System.Object</maml:name>
          <maml:uri />
        </dev:type>
        <dev:defaultValue>None</dev:defaultValue>
      </command:parameter>
      <command:parameter required="false" variableLength="true" globbing="false" pipelineInput="False" position="4" aliases="none">
        <maml:name>WhoAmI</maml:name>
        <maml:description>
          <maml:para>{{ Fill WhoAmI Description }}</maml:para>
        </maml:description>
        <command:parameterValue required="true" variableLength="false">System.String</command:parameterValue>
        <dev:type>
          <maml:name>System.String</maml:name>
          <maml:uri />
        </dev:type>
        <dev:defaultValue>None</dev:defaultValue>
      </command:parameter>
    </command:parameters>
    <command:inputTypes>
      <command:inputType>
        <dev:type>
          <maml:name>None</maml:name>
        </dev:type>
        <maml:description>
          <maml:para></maml:para>
        </maml:description>
      </command:inputType>
    </command:inputTypes>
    <command:returnValues>
      <command:returnValue>
        <dev:type>
          <maml:name>System.Object</maml:name>
        </dev:type>
        <maml:description>
          <maml:para></maml:para>
        </maml:description>
      </command:returnValue>
    </command:returnValues>
    <maml:alertSet>
      <maml:alert>
        <maml:para></maml:para>
      </maml:alert>
    </maml:alertSet>
    <command:examples>
      <command:example>
        <maml:title>-------------------------- Example 1 --------------------------</maml:title>
        <dev:code>PS C:\&gt; {{ Add example code here }}</dev:code>
        <dev:remarks>
          <maml:para>{{ Add example description here }}</maml:para>
        </dev:remarks>
      </command:example>
    </command:examples>
    <command:relatedLinks />
  </command:command>
  <command:command xmlns:maml="http://schemas.microsoft.com/maml/2004/10" xmlns:command="http://schemas.microsoft.com/maml/dev/command/2004/10" xmlns:dev="http://schemas.microsoft.com/maml/dev/2004/10" xmlns:MSHelp="http://msdn.microsoft.com/mshelp">
    <command:details>
      <command:name>Resolve-Folder</command:name>
      <command:verb>Resolve</command:verb>
      <command:noun>Folder</command:noun>
      <maml:description>
        <maml:para>{{ Fill in the Synopsis }}</maml:para>
      </maml:description>
    </command:details>
    <maml:description>
      <maml:para>{{ Fill in the Description }}</maml:para>
    </maml:description>
    <command:syntax>
      <command:syntaxItem>
        <maml:name>Resolve-Folder</maml:name>
        <command:parameter required="false" variableLength="true" globbing="false" pipelineInput="False" position="0" aliases="none">
          <maml:name>FolderPath</maml:name>
          <maml:description>
            <maml:para>{{ Fill FolderPath Description }}</maml:para>
          </maml:description>
          <command:parameterValue required="true" variableLength="false">System.String[]</command:parameterValue>
          <dev:type>
            <maml:name>System.String[]</maml:name>
            <maml:uri />
          </dev:type>
          <dev:defaultValue>None</dev:defaultValue>
        </command:parameter>
      </command:syntaxItem>
    </command:syntax>
    <command:parameters>
      <command:parameter required="false" variableLength="true" globbing="false" pipelineInput="False" position="0" aliases="none">
        <maml:name>FolderPath</maml:name>
        <maml:description>
          <maml:para>{{ Fill FolderPath Description }}</maml:para>
        </maml:description>
        <command:parameterValue required="true" variableLength="false">System.String[]</command:parameterValue>
        <dev:type>
          <maml:name>System.String[]</maml:name>
          <maml:uri />
        </dev:type>
        <dev:defaultValue>None</dev:defaultValue>
      </command:parameter>
    </command:parameters>
    <command:inputTypes>
      <command:inputType>
        <dev:type>
          <maml:name>None</maml:name>
        </dev:type>
        <maml:description>
          <maml:para></maml:para>
        </maml:description>
      </command:inputType>
    </command:inputTypes>
    <command:returnValues>
      <command:returnValue>
        <dev:type>
          <maml:name>System.Object</maml:name>
        </dev:type>
        <maml:description>
          <maml:para></maml:para>
        </maml:description>
      </command:returnValue>
    </command:returnValues>
    <maml:alertSet>
      <maml:alert>
        <maml:para></maml:para>
      </maml:alert>
    </maml:alertSet>
    <command:examples>
      <command:example>
        <maml:title>-------------------------- Example 1 --------------------------</maml:title>
        <dev:code>PS C:\&gt; {{ Add example code here }}</dev:code>
        <dev:remarks>
          <maml:para>{{ Add example description here }}</maml:para>
        </dev:remarks>
      </command:example>
    </command:examples>
    <command:relatedLinks />
  </command:command>
</helpItems>